tag,word,pos
-,-,-
-,-,-
-,-,-
-,-,-
-,-,-
vr,ansio,vmis000
ad,una,di0000
pr,cerveza,nc0s000
-,-,-
-,-,-
-,-,-
-,-,-
-,-,-
-,-,-
-,-,-
-,-,-
-,-,-
-,-,-
ad,una,di0000
pr,cerveza,nc0s000
*,right,nc0s000
*,now,np00000
-,-,-
-,-,-
-,-,-
-,-,-
-,-,-
-,-,-
-,-,-
-,-,-
-,-,-
-,-,-
vr,anhelo,nc0s000
ad,una,di0000
pr,cerveza,nc0s000
-,-,-
-,-,-
-,-,-
-,-,-
-,-,-
-,-,-
-,-,-
-,-,-
-,-,-
-,-,-
ad,una,di0000
ad,deliciosas,aq0000
pr,cerveza,nc0s000
ad,fria,aq0000
-,-,-
-,-,-
-,-,-
-,-,-
-,-,-
-,-,-
-,-,-
-,-,-
-,-,-
-,-,-
vr,quiero,vmip000
ad,una,di0000
pr,cerveza,nc0s000
*,porfavor,aq0000
-,-,-
-,-,-
-,-,-
-,-,-
-,-,-
-,-,-
-,-,-
-,-,-
-,-,-
-,-,-
ad,una,di0000
pr,cerveza,nc0s000
ad,bro,aq0000
-,-,-
-,-,-
-,-,-
-,-,-
-,-,-
-,-,-
-,-,-
-,-,-
-,-,-
-,-,-
vr,ansio,vmis000
vr,beber,vmn0000
ad,una,di0000
pr,cerveza,nc0s000
-,-,-
-,-,-
-,-,-
-,-,-
-,-,-
-,-,-
-,-,-
-,-,-
-,-,-
-,-,-
vr,necesito,vmip000
ad,una,di0000
pr,cerveza,nc0s000
-,-,-
-,-,-
-,-,-
-,-,-
-,-,-
-,-,-
-,-,-
-,-,-
-,-,-
-,-,-
vr,podrias,nc0p000
vr,traer,vmn0000
*,me,pp000000
ad,una,di0000
pr,cerveza,nc0s000
-,-,-
-,-,-
-,-,-
-,-,-
-,-,-
-,-,-
-,-,-
-,-,-
-,-,-
-,-,-
ad,una,di0000
*,bien,nc0s000
ad,frias,aq0000
-,-,-
-,-,-
-,-,-
-,-,-
-,-,-
-,-,-
-,-,-
-,-,-
-,-,-
-,-,-
ad,una,di0000
pr,cerveza,nc0s000
*,bien,rg
ad,fria,aq0000
*,para,sp000
vr,llevar,vmn0000
-,-,-
-,-,-
-,-,-
-,-,-
-,-,-
-,-,-
-,-,-
-,-,-
-,-,-
-,-,-
ad,una,di0000
pr,cerveza,nc0s000
*,para,sp000
vr,llevar,vmn0000
-,-,-
-,-,-
-,-,-
-,-,-
-,-,-
-,-,-
-,-,-
-,-,-
-,-,-
-,-,-
*,es,vsip000
*,imperativo,nc0s000
*,que,pr000000
vr,tenga,vmsp000
ad,una,di0000
pr,cerveza,nc0s000
-,-,-
-,-,-
-,-,-
-,-,-
-,-,-
-,-,-
-,-,-
-,-,-
-,-,-
-,-,-
*,creen,vmip000
*,que,cs
vr,puedan,vmsp000
vr,traer,vmn0000
ad,una,di0000
pr,cerveza,nc0s000
*,?,fit
-,-,-
-,-,-
-,-,-
-,-,-
-,-,-
-,-,-
-,-,-
-,-,-
-,-,-
-,-,-
-,una,di0000
-,cerveza,nc0s000
-,-,-
-,-,-
-,-,-
-,-,-
-,-,-
-,-,-
-,-,-
-,-,-
-,-,-
-,-,-
*,creen,vmip000
*,que,cs
vr,puedan,vmsp000
vr,traer,vmn0000
ad,una,di0000
pr,cerveza,nc0s000
-,-,-
-,-,-
-,-,-
-,-,-
-,-,-
-,-,-
-,-,-
-,-,-
-,-,-
-,-,-
*,creen,vmip000
*,que,cs
*,puedan,vmsp000
vr,traer,vmn0000
ad,una,di0000
pr,six,nc0s000
*,de,sp000
pr,cerveza,nc0s000
-,-,-
-,-,-
-,-,-
-,-,-
-,-,-
-,-,-
-,-,-
-,-,-
-,-,-
-,-,-
*,creen,vmip000
*,que,cs
*,puedan,vmsp000
vr,traer,vmn0000
ad,una,di0000
pr,carton,nc0s000
*,de,sp000
pr,cerveza,nc0s000
*,?,fit
-,-,-
-,-,-
-,-,-
-,-,-
-,-,-
-,-,-
-,-,-
-,-,-
-,-,-
-,-,-
*,creen,vmip000
*,que,cs
*,puedan,vmsp000
vr,traer,vmn0000
ad,una,di0000
pr,carton,nc0s000
*,de,sp000
pr,cerveza,nc0s000
-,-,-
-,-,-
-,-,-
-,-,-
-,-,-
-,-,-
-,-,-
-,-,-
-,-,-
-,-,-
ad,una,di0000
ad,deliciosas,aq0000
pr,cerveza,nc0s000
ad,frias,aq0000
-,-,-
-,-,-
-,-,-
-,-,-
-,-,-
-,-,-
-,-,-
-,-,-
-,-,-
-,-,-
*,amigo,nc0s000
*,me,pp000000
vr,puedes,vmip000
vr,dar,vmn0000
ad,una,di0000
pr,cerveza,nc0s000
*,porfavor,aq0000
-,-,-
-,-,-
-,-,-
-,-,-
-,-,-
-,-,-
-,-,-
-,-,-
-,-,-
-,-,-
*,amigo,nc0s000
ad,una,di0000
*,bien,nc0s000
ad,frias,aq0000
-,-,-
-,-,-
-,-,-
-,-,-
-,-,-
-,-,-
-,-,-
-,-,-
-,-,-
-,-,-
*,amigo,nc0s000
vr,necesito,vmip000
ad,una,di0000
pr,cerveza,nc0s000
-,-,-
-,-,-
-,-,-
-,-,-
-,-,-
-,-,-
-,-,-
-,-,-
-,-,-
-,-,-
ad,una,di0000
pr,cerveza,nc0s000
-,-,-
-,-,-
-,-,-
-,-,-
-,-,-
-,-,-
-,-,-
-,-,-
-,-,-
-,-,-
ad,una,di0000
pr,cerveza,nc0s000
ad,fria,aq0000
*,por,sp000
*,favor,nc0s000
-,-,-
-,-,-
-,-,-
-,-,-
-,-,-
-,-,-
-,-,-
-,-,-
-,-,-
-,-,-
ad,una,di0000
pr,cerveza,nc0s000
ad,fria,aq0000
*,porfavor,aq0000
-,-,-
-,-,-
-,-,-
-,-,-
-,-,-
-,-,-
-,-,-
-,-,-
-,-,-
-,-,-
ad,una,di0000
pr,cerveza,nc0s000
*,para,sp000
vr,llevar,vmn0000
-,-,-
-,-,-
-,-,-
-,-,-
-,-,-
-,-,-
-,-,-
-,-,-
-,-,-
-,-,-
ad,una,di0000
pr,cerveza,nc0s000
*,por,sp000
*,favor,nc0s000
-,-,-
-,-,-
-,-,-
-,-,-
-,-,-
-,-,-
-,-,-
-,-,-
-,-,-
-,-,-
ad,una,di0000
pr,cerveza,nc0s000
*,porfavor,aq0000
-,-,-
-,-,-
-,-,-
-,-,-
-,-,-
-,-,-
-,-,-
-,-,-
-,-,-
-,-,-
ad,una,di0000
pr,cerveza,nc0s000
-,-,-
-,-,-
-,-,-
-,-,-
-,-,-
-,-,-
-,-,-
-,-,-
-,-,-
-,-,-
*,ansio,vmis000
vr,tener,vmn0000
ad,una,di0000
pr,cerveza,nc0s000
-,-,-
-,-,-
-,-,-
-,-,-
-,-,-
-,-,-
-,-,-
-,-,-
-,-,-
-,-,-
vr,apetezco,vmis000
ad,una,di0000
pr,cerveza,nc0s000
-,-,-
-,-,-
-,-,-
-,-,-
-,-,-
-,-,-
-,-,-
-,-,-
-,-,-
-,-,-
*,bro,nc0s000
vr,necesito,vmip000
*,unas,di0000
ad,una,di0000
pr,cerveza,nc0s000
*,right,nc0s000
*,now,np00000
-,-,-
-,-,-
-,-,-
-,-,-
-,-,-
-,-,-
-,-,-
-,-,-
-,-,-
-,-,-
*,compa,vmis000
ad,una,di0000
pr,ceveza,nc0s000
-,-,-
-,-,-
-,-,-
-,-,-
-,-,-
-,-,-
-,-,-
-,-,-
-,-,-
-,-,-
*,compa,vmis000
ad,una,di0000
pr,ceveza,nc0s000
*,fria,aq0000
-,-,-
-,-,-
-,-,-
-,-,-
-,-,-
-,-,-
-,-,-
-,-,-
-,-,-
-,-,-
*,compa,vmis000
ad,una,di0000
pr,ceveza,nc0s000
ad,fria,aq0000
*,por,sp000
*,favor,nc0s000
-,-,-
-,-,-
-,-,-
-,-,-
-,-,-
-,-,-
-,-,-
-,-,-
-,-,-
-,-,-
*,compa,vmis000
ad,una,di0000
pr,ceveza,nc0s000
*,porfa,aq0000
-,-,-
-,-,-
-,-,-
-,-,-
-,-,-
-,-,-
-,-,-
-,-,-
-,-,-
-,-,-
*,creen,vmip000
*,que,cs
*,puedan,vmsp000
vr,enviar,vmn0000
*,me,pp000000
ad,una,di0000
pr,cerveza,nc0s000
-,-,-
-,-,-
-,-,-
-,-,-
-,-,-
-,-,-
-,-,-
-,-,-
-,-,-
-,-,-
*,creen,vmip000
*,que,cs
*,puedan,vmsp000
vr,enviar,vmn0000
*,nos,pp000000
ad,una,di0000
pr,cerveza,nc0s000
-,-,-
-,-,-
-,-,-
-,-,-
-,-,-
-,-,-
-,-,-
-,-,-
-,-,-
-,-,-
*,creen,vmip000
*,que,cs
*,puedan,vmsp000
vr,mandar,vmn0000
*,me,pp000000
ad,una,di0000
pr,cerveza,nc0s000
-,-,-
-,-,-
-,-,-
-,-,-
-,-,-
-,-,-
-,-,-
-,-,-
-,-,-
-,-,-
*,creen,vmip000
*,que,cs
*,puedan,vmsp000
vr,mandar,vmn0000
*,nos,pp000000
ad,una,di0000
pr,cerveza,nc0s000
-,-,-
-,-,-
-,-,-
-,-,-
-,-,-
-,-,-
-,-,-
-,-,-
-,-,-
-,-,-
*,creen,vmip000
*,que,cs
*,puedan,vmsp000
vr,traer,vmn0000
*,una,di0000
pr,six,nc0s000
*,de,sp000
pr,cerveza,nc0s000
*,?,fit
-,-,-
-,-,-
-,-,-
-,-,-
-,-,-
-,-,-
-,-,-
-,-,-
-,-,-
-,-,-
*,creen,vmip000
*,que,cs
*,puedan,vmsp000
vr,traer,vmn0000
*,me,pp000000
ad,una,di0000
pr,carton,np00000
*,de,sp000
pr,cerveza,nc0s000
-,-,-
-,-,-
-,-,-
-,-,-
-,-,-
-,-,-
-,-,-
-,-,-
-,-,-
-,-,-
*,creen,vmip000
*,que,cs
*,puedan,vmsp000
vr,traer,vmn0000
*,me,pp000000
ad,una,di0000
*,carton,np00000
*,de,sp000
pr,cerveza,nc0s000
*,?,fit
-,-,-
-,-,-
-,-,-
-,-,-
-,-,-
-,-,-
-,-,-
-,-,-
-,-,-
-,-,-
*,creen,vmip000
*,que,cs
*,puedan,vmsp000
vr,traer,vmn0000
*,me,pp000000
ad,una,di0000
pr,cerveza,nc0s000
-,-,-
-,-,-
-,-,-
-,-,-
-,-,-
-,-,-
-,-,-
-,-,-
-,-,-
-,-,-
*,creen,vmip000
*,que,cs
vr,puedan,vmsp000
vr,traer,vmn0000
*,me,pp000000
ad,una,di0000
pr,cerveza,nc0s000
*,?,fit
-,-,-
-,-,-
-,-,-
-,-,-
-,-,-
-,-,-
-,-,-
-,-,-
-,-,-
-,-,-
*,creen,vmip000
*,que,cs
*,puedan,vmsp000
vr,traer,vmn0000
*,me,pp000000
ad,una,di0000
pr,six,nc0s000
*,de,sp000
pr,cerveza,nc0s000
-,-,-
-,-,-
-,-,-
-,-,-
-,-,-
-,-,-
-,-,-
-,-,-
-,-,-
-,-,-
*,creen,vmip000
*,que,cs
vr,puedan,vmsp000
vr,traer,vmn0000
*,me,pp000000
ad,una,di0000
pr,six,nc0s000
*,de,sp000
pr,cerveza,nc0s000
*,?,fit
-,-,-
-,-,-
-,-,-
-,-,-
-,-,-
-,-,-
-,-,-
-,-,-
-,-,-
-,-,-
*,creen,vmip000
*,que,cs
vr,puedan,vmsp000
vr,vender,vmn0000
*,me,pp000000
ad,una,di0000
pr,carton,np00000
*,de,sp000
pr,cerveza,nc0s000
-,-,-
-,-,-
-,-,-
-,-,-
-,-,-
-,-,-
-,-,-
-,-,-
-,-,-
-,-,-
*,creen,vmip000
*,que,cs
vr,puedan,vmsp000
vr,vender,vmn0000
*,me,pp000000
ad,una,di0000
pr,carton,np00000
*,de,sp000
pr,cerveza,nc0s000
*,?,fit
-,-,-
-,-,-
-,-,-
-,-,-
-,-,-
-,-,-
-,-,-
-,-,-
-,-,-
-,-,-
*,creen,vmip000
*,que,cs
vr,puedan,vmsp000
vr,vender,vmn0000
*,me,pp000000
ad,una,di0000
pr,cerveza,nc0s000
-,-,-
-,-,-
-,-,-
-,-,-
-,-,-
-,-,-
-,-,-
-,-,-
-,-,-
-,-,-
*,creen,vmip000
*,que,cs
vr,puedan,vmsp000
vr,vender,vmn0000
*,me,pp000000
ad,una,di0000
pr,cerveza,nc0s000
*,?,fit
-,-,-
-,-,-
-,-,-
-,-,-
-,-,-
-,-,-
-,-,-
-,-,-
-,-,-
-,-,-
*,creen,vmip000
*,que,cs
vr,puedan,vmsp000
vr,vender,vmn0000
*,me,pp000000
ad,una,di0000
pr,six,nc0s000
*,de,sp000
pr,cerveza,nc0s000
-,-,-
-,-,-
-,-,-
-,-,-
-,-,-
-,-,-
-,-,-
-,-,-
-,-,-
-,-,-
*,creen,vmip000
*,que,cs
vr,puedan,vmsp000
vr,vender,vmn0000
*,me,pp000000
ad,una,di0000
pr,six,nc0s000
*,de,sp000
pr,cerveza,nc0s000
*,?,fit
-,-,-
-,-,-
-,-,-
-,-,-
-,-,-
-,-,-
-,-,-
-,-,-
-,-,-
-,-,-
*,crees,vmip000
*,que,cs
vr,puedan,vmsp000
vr,enviar,vmn0000
*,me,pp000000
ad,una,di0000
pr,cerveza,nc0s000
-,-,-
-,-,-
-,-,-
-,-,-
-,-,-
-,-,-
-,-,-
-,-,-
-,-,-
-,-,-
*,crees,vmip000
*,que,cs
vr,puedan,vmsp000
vr,enviar,vmn0000
*,nos,pp000000
ad,una,di0000
pr,cerveza,nc0s000
-,-,-
-,-,-
-,-,-
-,-,-
-,-,-
-,-,-
-,-,-
-,-,-
-,-,-
-,-,-
*,crees,vmip000
*,que,cs
vr,puedan,vmsp000
vr,mandar,vmn0000
*,me,pp000000
ad,una,di0000
pr,cerveza,nc0s000
-,-,-
-,-,-
-,-,-
-,-,-
-,-,-
-,-,-
-,-,-
-,-,-
-,-,-
-,-,-
*,crees,vmip000
*,que,cs
vr,puedan,vmsp000
vr,mandar,vmn0000
*,nos,pp000000
ad,una,di0000
pr,cerveza,nc0s000
-,-,-
-,-,-
-,-,-
-,-,-
-,-,-
-,-,-
-,-,-
-,-,-
-,-,-
-,-,-
*,crees,vmip000
*,que,cs
vr,puedas,vmsp000
vr,enviar,vmn0000
*,me,pp000000
ad,una,di0000
pr,cerveza,nc0s000
-,-,-
-,-,-
-,-,-
-,-,-
-,-,-
-,-,-
-,-,-
-,-,-
-,-,-
-,-,-
*,crees,vmip000
*,que,cs
vr,puedas,vmsp000
vr,enviar,vmn0000
*,nos,pp000000
ad,una,di0000
pr,cerveza,nc0s000
-,-,-
-,-,-
-,-,-
-,-,-
-,-,-
-,-,-
-,-,-
-,-,-
-,-,-
-,-,-
*,crees,vmip000
*,que,cs
vr,puedas,vssp000
vr,mandar,vmn0000
*,me,pp000000
ad,una,di0000
pr,cerveza,nc0s000
-,-,-
-,-,-
-,-,-
-,-,-
-,-,-
-,-,-
-,-,-
-,-,-
-,-,-
-,-,-
*,crees,vmip000
*,que,cs
vr,puedas,vssp000
vr,mandar,vmn0000
*,nos,pp000000
ad,una,di0000
pr,cerveza,nc0s000
-,-,-
-,-,-
-,-,-
-,-,-
-,-,-
-,-,-
-,-,-
-,-,-
-,-,-
-,-,-
*,crees,vmip000
*,que,cs
vr,puedas,vmsp000
vr,traer,vmn0000
ad,una,di0000
pr,carton,nc0s000
*,de,sp000
pr,cerveza,nc0s000
-,-,-
-,-,-
-,-,-
-,-,-
-,-,-
-,-,-
-,-,-
-,-,-
-,-,-
-,-,-
*,crees,vmip000
*,que,cs
vr,puedas,vmsp000
vr,traer,vmn0000
ad,una,di0000
pr,carton,nc0s000
*,de,sp000
pr,cerveza,nc0s000
*,?,fit
-,-,-
-,-,-
-,-,-
-,-,-
-,-,-
-,-,-
-,-,-
-,-,-
-,-,-
-,-,-
*,crees,vmip000
*,que,cs
vr,puedas,vmsp000
vr,traer,vmn0000
ad,una,di0000
pr,cerveza,nc0s000
-,-,-
-,-,-
-,-,-
-,-,-
-,-,-
-,-,-
-,-,-
-,-,-
-,-,-
-,-,-
*,crees,vmip000
*,que,cs
vr,puedas,vmsp000
vr,traer,vmn0000
ad,una,di0000
pr,cerveza,nc0s000
*,?,fit
-,-,-
-,-,-
-,-,-
-,-,-
-,-,-
-,-,-
-,-,-
-,-,-
-,-,-
-,-,-
*,crees,vmip000
*,que,cs
vr,puedas,vmsp000
vr,traer,vmn0000
ad,una,di0000
pr,six,nc0s000
*,de,sp000
pr,cerveza,nc0s000
-,-,-
-,-,-
-,-,-
-,-,-
-,-,-
-,-,-
-,-,-
-,-,-
-,-,-
-,-,-
*,crees,vmip000
*,que,cs
vr,puedas,vmsp000
vr,traer,vmn0000
ad,una,di0000
pr,six,nc0s000
*,de,sp000
pr,cerveza,nc0s000
*,?,fit
-,-,-
-,-,-
-,-,-
-,-,-
-,-,-
-,-,-
-,-,-
-,-,-
-,-,-
-,-,-
*,crees,vmip000
*,que,cs
vr,puedas,vmsp000
vr,traer,vmn0000
*,me,pp000000
ad,una,di0000
pr,carton,np00000
*,de,sp000
pr,cerveza,nc0s000
-,-,-
-,-,-
-,-,-
-,-,-
-,-,-
-,-,-
-,-,-
-,-,-
-,-,-
-,-,-
*,crees,vmip000
*,que,cs
vr,puedas,vmsp000
vr,traer,vmn0000
*,me,pp000000
ad,una,di0000
pr,carton,np00000
*,de,sp000
pr,cerveza,nc0s000
*,?,fit
-,-,-
-,-,-
-,-,-
-,-,-
-,-,-
-,-,-
-,-,-
-,-,-
-,-,-
-,-,-
*,crees,vmip000
*,que,cs
vr,puedas,vmsp000
vr,traer,vmn0000
*,me,pp000000
ad,una,di0000
pr,cerveza,nc0s000
-,-,-
-,-,-
-,-,-
-,-,-
-,-,-
-,-,-
-,-,-
-,-,-
-,-,-
-,-,-
*,crees,vmip000
*,que,cs
vr,puedas,vmsp000
vr,traer,vmn0000
*,me,pp000000
ad,una,di0000
pr,cerveza,nc0s000
*,?,fit
-,-,-
-,-,-
-,-,-
-,-,-
-,-,-
-,-,-
-,-,-
-,-,-
-,-,-
-,-,-
*,crees,vmip000
*,que,cs
vr,puedas,vmsp000
vr,traer,vmn0000
*,me,pp000000
ad,una,di0000
pr,six,nc0s000
*,de,sp000
pr,cerveza,nc0s000
-,-,-
-,-,-
-,-,-
-,-,-
-,-,-
-,-,-
-,-,-
-,-,-
-,-,-
-,-,-
*,crees,vmip000
*,que,cs
vr,puedas,vmsp000
vr,traer,vmn0000
*,me,pp000000
ad,una,di0000
pr,six,nc0s000
*,de,sp000
pr,cerveza,nc0s000
*,?,fit
-,-,-
-,-,-
-,-,-
-,-,-
-,-,-
-,-,-
-,-,-
-,-,-
-,-,-
-,-,-
*,crees,vmip000
*,que,cs
vr,puedas,vmsp000
vr,vender,vmn0000
*,me,pp000000
ad,una,di0000
pr,carton,np00000
*,de,sp000
pr,cerveza,nc0s000
-,-,-
-,-,-
-,-,-
-,-,-
-,-,-
-,-,-
-,-,-
-,-,-
-,-,-
-,-,-
*,crees,vmip000
*,que,cs
vr,puedas,vmsp000
vr,vender,vmn0000
*,me,pp000000
ad,una,di0000
pr,carton,np00000
*,de,sp000
pr,cerveza,nc0s000
*,?,fit
-,-,-
-,-,-
-,-,-
-,-,-
-,-,-
-,-,-
-,-,-
-,-,-
-,-,-
-,-,-
*,crees,vmip000
*,que,cs
ve,puedas,vmsp000
vr,vender,vmn0000
*,me,pp000000
ad,una,di0000
pr,cerveza,nc0s000
-,-,-
-,-,-
-,-,-
-,-,-
-,-,-
-,-,-
-,-,-
-,-,-
-,-,-
-,-,-
*,crees,vmip000
*,que,cs
vr,puedas,vmsp000
vr,vender,vmn0000
*,me,pp000000
ad,una,di0000
pr,cerveza,nc0s000
*,?,fit
-,-,-
-,-,-
-,-,-
-,-,-
-,-,-
-,-,-
-,-,-
-,-,-
-,-,-
-,-,-
*,crees,vmip000
*,que,cs
vr,puedas,vmsp000
vr,vender,vmn0000
*,me,pp000000
ad,una,di0000
pr,six,nc0s000
*,de,sp000
pr,cerveza,nc0s000
-,-,-
-,-,-
-,-,-
-,-,-
-,-,-
-,-,-
-,-,-
-,-,-
-,-,-
-,-,-
*,crees,vmip000
*,que,cs
vr*,puedas,vmsp000
vr,vender,vmn0000
*,me,pp000000
ad,una,di0000
pr,six,nc0s000
*,de,sp000
pr,cerveza,nc0s000
*,?,fit
-,-,-
-,-,-
-,-,-
-,-,-
-,-,-
-,-,-
-,-,-
-,-,-
-,-,-
-,-,-
vr,da,vmip000
*,me,pp000000
ad,una,di0000
pr,cerveza,nc0s000
-,-,-
-,-,-
-,-,-
-,-,-
-,-,-
-,-,-
-,-,-
-,-,-
-,-,-
-,-,-
vr,da,vmip000
vr,me,pp000000
pr,cerveza,nc0s000
-,-,-
-,-,-
-,-,-
-,-,-
-,-,-
-,-,-
-,-,-
-,-,-
-,-,-
-,-,-
vr,da,vmip000
*,me,pp000000
pr,cerveza,nc0s000
ad,una,di0000
*,porfas,nc0p000
-,-,-
-,-,-
-,-,-
-,-,-
-,-,-
-,-,-
-,-,-
-,-,-
-,-,-
-,-,-
vr,da,vmip000
*,me,pp000000
pr,cerveza,nc0s000
ad,fria,aq0000
-,-,-
-,-,-
-,-,-
-,-,-
-,-,-
-,-,-
-,-,-
-,-,-
-,-,-
-,-,-
vr,deseo,vmip000
ad,una,di0000
pr,cerveza,nc0s000
-,-,-
-,-,-
-,-,-
-,-,-
-,-,-
-,-,-
-,-,-
-,-,-
-,-,-
-,-,-
*,hey,vmis000
ad,una,di0000
pr,cerveza,nc0s000
-,-,-
-,-,-
-,-,-
-,-,-
-,-,-
-,-,-
-,-,-
-,-,-
-,-,-
-,-,-
*,hey,vmis000
ad,una,di0000
pr,cerveza,nc0s000
ad,fria,aq0000
-,-,-
-,-,-
-,-,-
-,-,-
-,-,-
-,-,-
-,-,-
-,-,-
-,-,-
-,-,-
*,hey,nc0s000
*,bro,aq0000
ad,una,di0000
pr,cerveza,nc0s000
vr,fria,aq0000
-,-,-
-,-,-
-,-,-
-,-,-
-,-,-
-,-,-
-,-,-
-,-,-
-,-,-
-,-,-
*,los,da0000
*,amigos,nc0p000
vr,dan,vmip000
pr,cerveza,nc0s000
-,-,-
-,-,-
-,-,-
-,-,-
-,-,-
-,-,-
-,-,-
-,-,-
-,-,-
-,-,-
*,me,p0000000
vr,apetece,vmip000
ad,una,di0000
pr,cerveza,nc0s000
-,-,-
-,-,-
-,-,-
-,-,-
-,-,-
-,-,-
-,-,-
-,-,-
-,-,-
-,-,-
*,me,p0000000
vr,apetece,vmip000
vr,beber,vmn0000
ad,una,di0000
pr,cerveza,nc0s000
-,-,-
-,-,-
-,-,-
-,-,-
-,-,-
-,-,-
-,-,-
-,-,-
-,-,-
-,-,-
*,me,p0000000
vr,encantaria,vmip000
ad,una,di0000
pr,cerveza,nc0s000
-,-,-
-,-,-
-,-,-
-,-,-
-,-,-
-,-,-
-,-,-
-,-,-
-,-,-
-,-,-
*,me,p0000000
*,encantaria,vmip000
*,que,cs
*,me,p0000000
vr,traigan,vmm0000
ad,una,di0000
pr,carton,nc0s000
*,de,sp000
pr,cerveza,nc0s000
-,-,-
-,-,-
-,-,-
-,-,-
-,-,-
-,-,-
-,-,-
-,-,-
-,-,-
-,-,-
*,me,p0000000
*,encantaria,vmip000
*,que,cs
*,me,p0000000
vr,traigan,vmm0000
*,una,di0000
pr,cerveza,nc0s000
-,-,-
-,-,-
-,-,-
-,-,-
-,-,-
-,-,-
-,-,-
-,-,-
-,-,-
-,-,-
*,me,p0000000
*,encantaria,vmip000
*,que,cs
*,me,p0000000
vr,traigan,vmm0000
ad,una,di0000
pr,doce,pn000000
*,de,sp000
pr,cerveza,nc0s000
-,-,-
-,-,-
-,-,-
-,-,-
-,-,-
-,-,-
-,-,-
-,-,-
-,-,-
-,-,-
*,me,p0000000
*,encantaria,vmip000
*,que,cs
*,me,p0000000
vr,traigan,vmm0000
*,una,di0000
pr,six,nc0s000
*,de,sp000
pr,cerveza,nc0s000
-,-,-
-,-,-
-,-,-
-,-,-
-,-,-
-,-,-
-,-,-
-,-,-
-,-,-
-,-,-
*,me,p0000000
vr,gustaria,vmip000
ad,una,di0000
pr,cerveza,nc0s000
-,-,-
-,-,-
-,-,-
-,-,-
-,-,-
-,-,-
-,-,-
-,-,-
-,-,-
-,-,-
*,me,p0000000
*,gustaria,vmip000
vr,comprar,vmn0000
ad,una,di0000
pr,carton,nc0s000
*,de,sp000
pr,cerveza,nc0s000
-,-,-
-,-,-
-,-,-
-,-,-
-,-,-
-,-,-
-,-,-
-,-,-
-,-,-
-,-,-
*,me,p0000000
*,gustaria,vmip000
vr,comprar,vmn0000
ad,una,di0000
pr,cerveza,nc0s000
-,-,-
-,-,-
-,-,-
-,-,-
-,-,-
-,-,-
-,-,-
-,-,-
-,-,-
-,-,-
*,me,p0000000
*,gustaria,vmip000
vr,comprar,vmn0000
ad,una,di0000
pr,doce,pn000000
*,de,sp000
pr,cerveza,nc0s000
-,-,-
-,-,-
-,-,-
-,-,-
-,-,-
-,-,-
-,-,-
-,-,-
-,-,-
-,-,-
*,me,p0000000
*,gustaria,vmip000
vr,comprar,vmn0000
ad,una,di0000
pr,six,nc0s000
*,de,sp000
pr,cerveza,nc0s000
-,-,-
-,-,-
-,-,-
-,-,-
-,-,-
-,-,-
-,-,-
-,-,-
-,-,-
-,-,-
*,me,p0000000
vr,podrias,vmip000
vr,traer,vmn0000
ad,una,di0000
pr,cervesa,nc0s000
-,-,-
-,-,-
-,-,-
-,-,-
-,-,-
-,-,-
-,-,-
-,-,-
-,-,-
-,-,-
*,me,p0000000
*,podrias,vmip000
vr,traer,vmn0000
ad,una,di0000
pr,cervesa,nc0s000
*,bien,rg
ad,fria,aq0000
*,porfavor,aq0000
-,-,-
-,-,-
-,-,-
-,-,-
-,-,-
-,-,-
-,-,-
-,-,-
-,-,-
-,-,-
*,me,p0000000
*,podrias,vmip000
vr,traer,vmn0000
ad,una,di0000
pr,cervesa,nc0s000
*,porfavor,aq0000
-,-,-
-,-,-
-,-,-
-,-,-
-,-,-
-,-,-
-,-,-
-,-,-
-,-,-
-,-,-
*,me,pp000000
*,pueden,vmip000
vr,mandar,vmn0000
ad,una,di0000
pr,carton,nc0s000
*,de,sp000
pr,cerveza,nc0s000
*,?,fit
-,-,-
-,-,-
-,-,-
-,-,-
-,-,-
-,-,-
-,-,-
-,-,-
-,-,-
-,-,-
*,me,pp000000
*,pueden,vmip000
vr,mandar,vmn0000
ad,una,di0000
pr,cerveza,nc0s000
-,-,-
-,-,-
-,-,-
-,-,-
-,-,-
-,-,-
-,-,-
-,-,-
-,-,-
-,-,-
*,me,pp000000
vr,pueden,vmip000
vr,mandar,vmn0000
ad,una,di0000
pr,cerveza,nc0s000
*,?,fit
-,-,-
-,-,-
-,-,-
-,-,-
-,-,-
-,-,-
-,-,-
-,-,-
-,-,-
-,-,-
*,me,pp000000
vr,pueden,vmip000
vr,mandar,vmn0000
ad,una,di0000
pr,doce,pn000000
*,de,sp000
pr,cerveza,nc0s000
*,?,fit
-,-,-
-,-,-
-,-,-
-,-,-
-,-,-
-,-,-
-,-,-
-,-,-
-,-,-
-,-,-
*,me,pp000000
vr,pueden,vmip000
vr,mandar,vmn0000
ad,una,di0000
pr,six,nc0s000
*,de,sp000
pr,cerveza,nc0s000
*,?,fit
-,-,-
-,-,-
-,-,-
-,-,-
-,-,-
-,-,-
-,-,-
-,-,-
-,-,-
-,-,-
*,me,pp000000
vr,puedes,vmip000
vr,dar,vmn0000
ad,una,di0000
pr,cerveza,nc0s000
-,-,-
-,-,-
-,-,-
-,-,-
-,-,-
-,-,-
-,-,-
-,-,-
-,-,-
-,-,-
*,me,pp000000
vr,puedes,vmip000
vr,mandar,vmn0000
ad,una,di0000
pr,carton,nc0s000
*,de,sp000
pr,cerveza,nc0s000
*,?,fit
-,-,-
-,-,-
-,-,-
-,-,-
-,-,-
-,-,-
-,-,-
-,-,-
-,-,-
-,-,-
*,me,pp000000
*,puedes,vmip000
vr,mandar,vmn0000
ad,una,di0000
pr,cerveza,nc0s000
-,-,-
-,-,-
-,-,-
-,-,-
-,-,-
-,-,-
-,-,-
-,-,-
-,-,-
-,-,-
*,me,pp000000
*,puedes,vmip000
vr,mandar,vmn0000
ad,una,di0000
pr,cerveza,nc0s000
*,?,fit
-,-,-
-,-,-
-,-,-
-,-,-
-,-,-
-,-,-
-,-,-
-,-,-
-,-,-
-,-,-
*,me,pp000000
vr,puedes,vmip000
vr,mandar,vmn0000
ad,una,di0000
pr,doce,pn000000
*,de,sp000
pr,cerveza,nc0s000
*,?,fit
-,-,-
-,-,-
-,-,-
-,-,-
-,-,-
-,-,-
-,-,-
-,-,-
-,-,-
-,-,-
*,me,pp000000
vr,puedes,vmip000
vr,mandar,vmn0000
ad,una,di0000
pr,six,nc0s000
*,de,sp000
pr,cerveza,nc0s000
*,?,fit
-,-,-
-,-,-
-,-,-
-,-,-
-,-,-
-,-,-
-,-,-
-,-,-
-,-,-
-,-,-
*,me,pp000000
vr,puedes,vmip000
vr,traer,vmn0000
ad,una,di0000
pr,carton,nc0s000
*,de,sp000
pr,cerveza,nc0s000
-,-,-
-,-,-
-,-,-
-,-,-
-,-,-
-,-,-
-,-,-
-,-,-
-,-,-
-,-,-
*,me,pp000000
vr,puedes,vmip000
vr,traer,vmn0000
ad,una,di0000
pr,cerveza,nc0s000
-,-,-
-,-,-
-,-,-
-,-,-
-,-,-
-,-,-
-,-,-
-,-,-
-,-,-
-,-,-
*,me,pp000000
vr,puedes,vmip000
vr,traer,vmn0000
ad,una,di0000
pr,cerveza,nc0s000
-,-,-
-,-,-
-,-,-
-,-,-
-,-,-
-,-,-
-,-,-
-,-,-
-,-,-
-,-,-
*,me,pp000000
vr,puedes,vmip000
vr,traer,vmn0000
ad,una,di0000
pr,cerveza,nc0s000
*,?,fit
-,-,-
-,-,-
-,-,-
-,-,-
-,-,-
-,-,-
-,-,-
-,-,-
-,-,-
-,-,-
*,me,pp000000
vr,puedes,vmip000
vr,traer,vmn0000
ad,una,di0000
pr,doce,pn000000
*,de,sp000
pr,cerveza,nc0s000
-,-,-
-,-,-
-,-,-
-,-,-
-,-,-
-,-,-
-,-,-
-,-,-
-,-,-
-,-,-
*,me,pp000000
vr,puedes,vmip000
vr,traer,vmn0000
ad,una,di0000
pr,six,nc0s000
*,de,sp000
pr,cerveza,nc0s000
-,-,-
-,-,-
-,-,-
-,-,-
-,-,-
-,-,-
-,-,-
-,-,-
-,-,-
-,-,-
*,me,p0000000
vr,urge,vmip000
ad,una,di0000
pr,cerveza,nc0s000
ad,sexy,aq0000
-,-,-
-,-,-
-,-,-
-,-,-
-,-,-
-,-,-
-,-,-
-,-,-
-,-,-
-,-,-
*,me,p0000000
vr,urgen,vmip000
ad,una,di0000
pr,cerveza,nc0s000
-,-,-
-,-,-
-,-,-
-,-,-
-,-,-
-,-,-
-,-,-
-,-,-
-,-,-
-,-,-
*,me,p0000000
vr,urgen,vmip000
ad,una,di0000
pr,cerveza,nc0s000
ad,fria,aq0000
-,-,-
-,-,-
-,-,-
-,-,-
-,-,-
-,-,-
-,-,-
-,-,-
-,-,-
-,-,-
*,me,p0000000
vr,urgen,vmip000
ad,una,di0000
pr,cerveza,nc0s000
ad,frias,aq0000
-,-,-
-,-,-
-,-,-
-,-,-
-,-,-
-,-,-
-,-,-
-,-,-
-,-,-
-,-,-
vr,necesito,vmip000
ad,una,di0000
pr,cerveza,nc0s000
-,-,-
-,-,-
-,-,-
-,-,-
-,-,-
-,-,-
-,-,-
-,-,-
-,-,-
-,-,-
vr,necesito,vmip000
ad,una,di0000
pr,cerveza,nc0s000
*,para,sp000
*,hoy,rg
-,-,-
-,-,-
-,-,-
-,-,-
-,-,-
-,-,-
-,-,-
-,-,-
-,-,-
-,-,-
vr,necesito,vmip000
ad,una,di0000
pr,cerveza,nc0s000
*,para,sp000
*,manana,np00000
-,-,-
-,-,-
-,-,-
-,-,-
-,-,-
-,-,-
-,-,-
-,-,-
-,-,-
-,-,-
vr,necesito,vmip000
ad,una,di0000
pr,cerveza,nc0s000
*,para,sp000
*,pasado,nc0s000
*,manana,aq0000
-,-,-
-,-,-
-,-,-
-,-,-
-,-,-
-,-,-
-,-,-
-,-,-
-,-,-
-,-,-
vr,podemos,vmip000
vr,tener,vmn0000
ad,una,di0000
pr,ceveza,nc0s000
-,-,-
-,-,-
-,-,-
-,-,-
-,-,-
-,-,-
-,-,-
-,-,-
-,-,-
-,-,-
vr,podria,vmp0000
vr,pedir,vmn0000
*,le,pp000000
ad,una,di0000
pr,cerveza,nc0s000
-,-,-
-,-,-
-,-,-
-,-,-
-,-,-
-,-,-
-,-,-
-,-,-
-,-,-
-,-,-
vr,podrian,vmip000
vr,traer,vmn0000
*,me,pp000000
ad,una,di0000
pr,carton,np00000
*,de,sp000
pr,cerveza,nc0s000
-,-,-
-,-,-
-,-,-
-,-,-
-,-,-
-,-,-
-,-,-
-,-,-
-,-,-
-,-,-
vr,podrian,vmip000
vr,traer,vmn0000
*,me,pp000000
ad,una,di0000
pr,carton,np00000
*,de,sp000
pr,cerveza,nc0s000
*,?,fit
-,-,-
-,-,-
-,-,-
-,-,-
-,-,-
-,-,-
-,-,-
-,-,-
-,-,-
-,-,-
vr,podrian,vmip000
vr,traer,vmn0000
*,me,pp000000
ad,una,di0000
pr,cerveza,nc0s000
-,-,-
-,-,-
-,-,-
-,-,-
-,-,-
-,-,-
-,-,-
-,-,-
-,-,-
-,-,-
vr,podrian,vmip000
vr,traer,vmn0000
*,me,pp000000
ad,una,di0000
pr,cerveza,nc0s000
*,?,fit
-,-,-
-,-,-
-,-,-
-,-,-
-,-,-
-,-,-
-,-,-
-,-,-
-,-,-
-,-,-
vr,podrian,vmip000
vr,traer,vmn0000
*,me,pp000000
ad,una,di0000
pr,doce,pn000000
*,de,sp000
pr,cerveza,nc0s000
-,-,-
-,-,-
-,-,-
-,-,-
-,-,-
-,-,-
-,-,-
-,-,-
-,-,-
-,-,-
pg,podrian,vmip000
vr,traer,vmn0000
*,me,pp000000
*,una,di0000
ad,doce,pn000000
*,de,sp000
pr,cerveza,nc0s000
*,?,fit
-,-,-
-,-,-
-,-,-
-,-,-
-,-,-
-,-,-
-,-,-
-,-,-
-,-,-
-,-,-
vr,podrian,vmip000
vr,traer,vmn0000
*,me,pp000000
*,una,di0000
pr,six,nc0s000
*,de,sp000
pr,cerveza,nc0s000
-,-,-
-,-,-
-,-,-
-,-,-
-,-,-
-,-,-
-,-,-
-,-,-
-,-,-
-,-,-
vr,podrian,vmip000
vr,traer,vmn0000
*,me,pp000000
ad,una,di0000
pr,six,nc0s000
*,de,sp000
pr,cerveza,nc0s000
*,?,fit
-,-,-
-,-,-
-,-,-
-,-,-
-,-,-
-,-,-
-,-,-
-,-,-
-,-,-
-,-,-
vr,podrian,vmip000
vr,vender,vmn0000
*,me,pp000000
ad,una,di0000
pr,carton,np00000
*,de,sp000
pr,cerveza,nc0s000
-,-,-
-,-,-
-,-,-
-,-,-
-,-,-
-,-,-
-,-,-
-,-,-
-,-,-
-,-,-
vr,podrian,vmip000
vr,vender,vmn0000
*,me,pp000000
ad,una,di0000
pr,carton,np00000
*,de,sp000
pr,cerveza,nc0s000
*,?,fit
-,-,-
-,-,-
-,-,-
-,-,-
-,-,-
-,-,-
-,-,-
-,-,-
-,-,-
-,-,-
vr,podrian,vmip000
vr,vender,vmn0000
*,me,pp000000
ad,una,di0000
pr,cerveza,nc0s000
-,-,-
-,-,-
-,-,-
-,-,-
-,-,-
-,-,-
-,-,-
-,-,-
-,-,-
-,-,-
vr,podrian,vmip000
vr,vender,vmn0000
*,me,pp000000
ad,una,di0000
pr,cerveza,nc0s000
*,?,fit
-,-,-
-,-,-
-,-,-
-,-,-
-,-,-
-,-,-
-,-,-
-,-,-
-,-,-
-,-,-
vr,podrian,vmip000
vr,vender,vmn0000
*,me,pp000000
ad,una,di0000
pr,doce,pn000000
*,de,sp000
pr,cerveza,nc0s000
-,-,-
-,-,-
-,-,-
-,-,-
-,-,-
-,-,-
-,-,-
-,-,-
-,-,-
-,-,-
vr,podrian,vmip000
vr,vender,vmn0000
*,me,pp000000
ad,una,di0000
pr,doce,pn000000
*,de,sp000
pr,cerveza,nc0s000
*,?,fit
-,-,-
-,-,-
-,-,-
-,-,-
-,-,-
-,-,-
-,-,-
-,-,-
-,-,-
-,-,-
vr,podrian,vmip000
vr,vender,vmn0000
*,me,pp000000
ad,una,di0000
pr,six,nc0s000
*,de,sp000
pr,cerveza,nc0s000
-,-,-
-,-,-
-,-,-
-,-,-
-,-,-
-,-,-
-,-,-
-,-,-
-,-,-
-,-,-
vr,podrian,vmip000
vr,vender,vmn0000
*,me,pp000000
ad,una,di0000
pr,six,nc0s000
*,de,sp000
pr,cerveza,nc0s000
*,?,fit
-,-,-
-,-,-
-,-,-
-,-,-
-,-,-
-,-,-
-,-,-
-,-,-
-,-,-
-,-,-
vr,podrias,nc0p000
vr,traer,vmn0000
*,me,pp000000
ad,una,di0000
pr,carton,np00000
*,de,sp000
pr,cerveza,nc0s000
-,-,-
-,-,-
-,-,-
-,-,-
-,-,-
-,-,-
-,-,-
-,-,-
-,-,-
-,-,-
vr,podrias,nc0p000
vr,traer,vmn0000
*,me,pp000000
ad,una,di0000
pr,cerveza,nc0s000
-,-,-
-,-,-
-,-,-
-,-,-
-,-,-
-,-,-
-,-,-
-,-,-
-,-,-
-,-,-
vr,podrias,nc0p000
vr,traer,vmn0000
*,me,pp000000
ad,una,di0000
pr,cerveza,nc0s000
-,-,-
-,-,-
-,-,-
-,-,-
-,-,-
-,-,-
-,-,-
-,-,-
-,-,-
-,-,-
vr,podrias,nc0p000
vr,traer,vmn0000
*,me,pp000000
ad,una,di0000
pr,cerveza,nc0s000
*,bien,rg
*,fria,aq0000
-,-,-
-,-,-
-,-,-
-,-,-
-,-,-
-,-,-
-,-,-
-,-,-
-,-,-
-,-,-
pr,podrias,nc0p000
vr,traer,vmn0000
*,me,pp000000
vr,una,di0000
pr,cerveza,nc0s000
*,fria,aq0000
-,-,-
-,-,-
-,-,-
-,-,-
-,-,-
-,-,-
-,-,-
-,-,-
-,-,-
-,-,-
pr,podrias,nc0p000
vr,traer,vmn0000
*,me,pp000000
*,una,di0000
pr,cerveza,nc0s000
*,?,fit
-,-,-
-,-,-
-,-,-
-,-,-
-,-,-
-,-,-
-,-,-
-,-,-
-,-,-
-,-,-
vr,podrias,nc0p000
vr,traer,vmn0000
*,me,pp000000
ad,una,di0000
pr,doce,pn000000
*,de,sp000
pr,cerveza,nc0s000
-,-,-
-,-,-
-,-,-
-,-,-
-,-,-
-,-,-
-,-,-
-,-,-
-,-,-
-,-,-
vr,podrias,nc0p000
vr,traer,vmn0000
*,me,pp000000
ad,una,di0000
pr,six,nc0s000
*,de,sp000
pr,cerveza,nc0s000
-,-,-
-,-,-
-,-,-
-,-,-
-,-,-
-,-,-
-,-,-
-,-,-
-,-,-
-,-,-
vr,podrias,nc0p000
vr,traer,vmn0000
*,me,pp000000
pr,cerveza,nc0s000
-,-,-
-,-,-
-,-,-
-,-,-
-,-,-
-,-,-
-,-,-
-,-,-
-,-,-
-,-,-
vr,podrias,nc0p000
vr,traer,vmn0000
*,me,pp000000
pr,cerveza,nc0s000
*,bien,rg
*,fria,aq0000
-,-,-
-,-,-
-,-,-
-,-,-
-,-,-
-,-,-
-,-,-
-,-,-
-,-,-
-,-,-
vr,podrias,nc0p000
vr,traer,vmn0000
*,me,pp000000
pr,cerveza,nc0s000
*,fria,aq0000
-,-,-
-,-,-
-,-,-
-,-,-
-,-,-
-,-,-
-,-,-
-,-,-
-,-,-
-,-,-
vr,podrias,nc0p000
vr,vender,vmn0000
*,me,pp000000
ad,una,di0000
pr,carton,np00000
*,de,sp000
pr,cerveza,nc0s000
-,-,-
-,-,-
-,-,-
-,-,-
-,-,-
-,-,-
-,-,-
-,-,-
-,-,-
-,-,-
vr,podrias,nc0p000
vr,vender,vmn0000
*,me,pp000000
ad,una,di0000
pr,carton,np00000
*,de,sp000
pr,cerveza,nc0s000
*,?,fit
-,-,-
-,-,-
-,-,-
-,-,-
-,-,-
-,-,-
-,-,-
-,-,-
-,-,-
-,-,-
vr,podrias,nc0p000
vr,vender,vmn0000
*,me,pp000000
ad,una,di0000
pr,cerveza,nc0s000
-,-,-
-,-,-
-,-,-
-,-,-
-,-,-
-,-,-
-,-,-
-,-,-
-,-,-
-,-,-
vr,podrias,nc0p000
vr,vender,vmn0000
*,me,pp000000
ad,una,di0000
pr,cerveza,nc0s000
*,?,fit
-,-,-
-,-,-
-,-,-
-,-,-
-,-,-
-,-,-
-,-,-
-,-,-
-,-,-
-,-,-
vr,podrias,nc0p000
vr,vender,vmn0000
*,me,pp000000
ad,una,di0000
pr,doce,pn000000
*,de,sp000
pr,cerveza,nc0s000
-,-,-
-,-,-
-,-,-
-,-,-
-,-,-
-,-,-
-,-,-
-,-,-
-,-,-
-,-,-
vr,podrias,nc0p000
vr,vender,vmn0000
*,me,pp000000
ad,una,di0000
pr,doce,pn000000
*,de,sp000
pr,cerveza,nc0s000
*,?,fit
-,-,-
-,-,-
-,-,-
-,-,-
-,-,-
-,-,-
-,-,-
-,-,-
-,-,-
-,-,-
vr,podrias,nc0p000
vr,vender,vmn0000
*,me,pp000000
ad,una,di0000
pr,six,nc0s000
*,de,sp000
pr,cerveza,nc0s000
-,-,-
-,-,-
-,-,-
-,-,-
-,-,-
-,-,-
-,-,-
-,-,-
-,-,-
-,-,-
vr,podrias,nc0p000
vr,vender,vmn0000
*,me,pp000000
ad,una,di0000
pr,six,nc0s000
*,de,sp000
pr,cerveza,nc0s000
*,?,fit
-,-,-
-,-,-
-,-,-
-,-,-
-,-,-
-,-,-
-,-,-
-,-,-
-,-,-
-,-,-
*,por,sp000
*,favor,nc0s000
ad,4,z0
ad,una,di0000
pr,cerveza,nc0s000
*,fria,aq0000
-,-,-
-,-,-
-,-,-
-,-,-
-,-,-
-,-,-
-,-,-
-,-,-
-,-,-
-,-,-
*,porfavor,aq0000
ad,4,z0
ad,una,dn0000
pr,cerveza,nc0s000
-,-,-
-,-,-
-,-,-
-,-,-
-,-,-
-,-,-
-,-,-
-,-,-
-,-,-
-,-,-
vr,puedes,vmip000
vr,cargar,vmn0000
*,me,pp000000
ad,una,di0000
pr,cerveza,nc0s000
-,-,-
-,-,-
-,-,-
-,-,-
-,-,-
-,-,-
-,-,-
-,-,-
-,-,-
-,-,-
vr,puedes,vmip000
vr,cargar,vmn0000
*,me,pp000000
ad,una,di0000
pr,cerveza,nc0s000
*,fria,aq0000
-,-,-
-,-,-
-,-,-
-,-,-
-,-,-
-,-,-
-,-,-
-,-,-
-,-,-
-,-,-
vr,puedes,vmip000
vr,traer,vmn0000
*,me,pp000000
ad,una,di0000
pr,carton,np00000
*,de,sp000
pr,cerveza,nc0s000
-,-,-
-,-,-
-,-,-
-,-,-
-,-,-
-,-,-
-,-,-
-,-,-
-,-,-
-,-,-
vr,puedes,vmip000
vr,traer,vmn0000
*,me,pp000000
ad,una,di0000
pr,cerveza,nc0s000
-,-,-
-,-,-
-,-,-
-,-,-
-,-,-
-,-,-
-,-,-
-,-,-
-,-,-
-,-,-
vr,puedes,vmip000
vr,traer,vmn0000
*,me,pp000000
ad,una,di0000
pr,cerveza,nc0s000
*,?,fit
-,-,-
-,-,-
-,-,-
-,-,-
-,-,-
-,-,-
-,-,-
-,-,-
-,-,-
-,-,-
vr,puedes,vmip000
vr,traer,vmn0000
*,me,pp000000
ad,una,di0000
pr,doce,pn000000
*,de,sp000
pr,cerveza,nc0s000
-,-,-
-,-,-
-,-,-
-,-,-
-,-,-
-,-,-
-,-,-
-,-,-
-,-,-
-,-,-
vr,puedes,vmip000
vr,traer,vmn0000
*,me,pp000000
ad,una,di0000
pr,six,nc0s000
*,de,sp000
vr,cerveza,nc0s000
-,-,-
-,-,-
-,-,-
-,-,-
-,-,-
-,-,-
-,-,-
-,-,-
-,-,-
-,-,-
vr,puedes,vmip000
vr,vender,vmn0000
*,me,pp000000
ad,una,di0000
pr,carton,np00000
*,de,sp000
pr,cerveza,nc0s000
-,-,-
-,-,-
-,-,-
-,-,-
-,-,-
-,-,-
-,-,-
-,-,-
-,-,-
-,-,-
vr,puedes,vmip000
vr,vender,vmn0000
*,me,pp000000
*,una,di0000
pr,cerveza,nc0s000
-,-,-
-,-,-
-,-,-
-,-,-
-,-,-
-,-,-
-,-,-
-,-,-
-,-,-
-,-,-
vr,puedes,vmip000
vr,vender,vmn0000
*,me,pp000000
ad,una,di0000
pr,cerveza,nc0s000
*,?,fit
-,-,-
-,-,-
-,-,-
-,-,-
-,-,-
-,-,-
-,-,-
-,-,-
-,-,-
-,-,-
pr,puedes,vmip000
vr,vender,vmn0000
*,me,pp000000
ad,una,di0000
pr,doce,pn000000
*,de,sp000
pr,cerveza,nc0s000
-,-,-
-,-,-
-,-,-
-,-,-
-,-,-
-,-,-
-,-,-
-,-,-
-,-,-
-,-,-
pr,puedes,vmip000
vr,vender,vmn0000
*,me,pp000000
ad,una,di0000
pr,six,nc0s000
*,de,sp000
pr,cerveza,nc0s000
-,-,-
-,-,-
-,-,-
-,-,-
-,-,-
-,-,-
-,-,-
-,-,-
-,-,-
-,-,-
vr,quiero,vmip000
ad,una,di0000
pr,carton,np00000
*,de,sp000
pr,cerveza,nc0s000
-,-,-
-,-,-
-,-,-
-,-,-
-,-,-
-,-,-
-,-,-
-,-,-
-,-,-
-,-,-
vr,quiero,vmip000
ad,una,di0000
pr,cerveza,nc0s000
-,-,-
-,-,-
-,-,-
-,-,-
-,-,-
-,-,-
-,-,-
-,-,-
-,-,-
-,-,-
vr,quiero,vmip000
ad,una,di0000
pr,docena,nc0s000
*,de,sp000
pr,cerveza,nc0s000
-,-,-
-,-,-
-,-,-
-,-,-
-,-,-
-,-,-
-,-,-
-,-,-
-,-,-
-,-,-
vr,quiero,vmip000
ad,una,di0000
pr,six,nc0s000
*,de,sp000
pr,cerveza,nc0s000
-,-,-
-,-,-
-,-,-
-,-,-
-,-,-
-,-,-
-,-,-
-,-,-
-,-,-
-,-,-
vr,quiero,vmip000
vr,ordenar,vmn0000
ad,una,di0000
pr,cerveza,nc0s000
-,-,-
-,-,-
-,-,-
-,-,-
-,-,-
-,-,-
-,-,-
-,-,-
-,-,-
-,-,-
vr,quiero,vmip000
vr,pedir,vmn0000
ad,una,di0000
pr,cerveza,nc0s000
-,-,-
-,-,-
-,-,-
-,-,-
-,-,-
-,-,-
-,-,-
-,-,-
-,-,-
-,-,-
vr,quisiera,vmsi000
ad,una,di0000
pr,cerveza,nc0s000
-,-,-
-,-,-
-,-,-
-,-,-
-,-,-
-,-,-
-,-,-
-,-,-
-,-,-
-,-,-
vr,quisiera,vmsi000
vr,comprar,vmn0000
ad,una,di0000
pr,cerveza,nc0s000
-,-,-
-,-,-
-,-,-
-,-,-
-,-,-
-,-,-
-,-,-
-,-,-
-,-,-
vr,requiero,vmip000
ad,una,di0000
pr,cerveza,nc0s000
-,-,-
-,-,-
-,-,-
-,-,-
-,-,-
-,-,-
-,-,-
-,-,-
-,-,-
-,-,-
*,sabes,vmip000
vr,necesito,vmip000
ad,una,di0000
pr,cerveza,nc0s000
-,-,-
-,-,-
-,-,-
-,-,-
-,-,-
-,-,-
-,-,-
-,-,-
-,-,-
-,-,-
vr,se,p0000000
*,antoja,vmis000
ad,una,di0000
pr,cerveza,nc0s000
-,-,-
-,-,-
-,-,-
-,-,-
-,-,-
-,-,-
-,-,-
-,-,-
-,-,-
-,-,-
vr,se,p0000000
*,antoja,vmis000
ad,una,di0000
pr,cerveza,nc0s000
*,fria,aq0000
-,-,-
-,-,-
-,-,-
-,-,-
-,-,-
-,-,-
-,-,-
-,-,-
-,-,-
-,-,-
vr,se,p0000000
*,me,pp000000
*,antoja,vmip000
ad,una,di0000
pr,cerveza,nc0s000
-,-,-
-,-,-
-,-,-
-,-,-
-,-,-
-,-,-
-,-,-
-,-,-
-,-,-
-,-,-
vr,se,p0000000
*,me,pp000000
*,antoja,vmip000
ad,una,di0000
pr,cerveza,nc0s000
-,-,-
-,-,-
-,-,-
-,-,-
-,-,-
-,-,-
-,-,-
-,-,-
-,-,-
-,-,-
vr,se,p0000000
*,me,pp000000
*,antoja,vmip000
ad,una,di0000
pr,cerveza,nc0s000
*,fria,aq0000
-,-,-
-,-,-
-,-,-
-,-,-
-,-,-
-,-,-
-,-,-
-,-,-
-,-,-
-,-,-
*,senor,w
ad,una,di0000
pr,cerveza,nc0s000
*,por,sp000
*,favor,nc0s000
-,-,-
-,-,-
-,-,-
-,-,-
-,-,-
-,-,-
-,-,-
-,-,-
-,-,-
-,-,-
*,senor,w
ad,una,di0000
pr,cerveza,nc0s000
*,porfavor,aq0000
-,-,-
-,-,-
-,-,-
-,-,-
-,-,-
-,-,-
-,-,-
-,-,-
-,-,-
-,-,-
*,senorita,vmis000
ad,una,di0000
pr,cerveza,nc0s000
*,fria,aq0000
*,por,sp000
*,favor,nc0s000
-,-,-
-,-,-
-,-,-
-,-,-
-,-,-
-,-,-
-,-,-
-,-,-
-,-,-
-,-,-
*,senorita,vmis000
ad,una,di0000
pr,cerveza,nc0s000
*,fria,aq0000
*,porfavor,aq0000
-,-,-
-,-,-
-,-,-
-,-,-
-,-,-
-,-,-
-,-,-
-,-,-
-,-,-
-,-,-
*,senorita,vmis000
ad,una,di0000
pr,cerveza,nc0s000
*,por,sp000
*,favor,nc0s000
-,-,-
-,-,-
-,-,-
-,-,-
-,-,-
-,-,-
-,-,-
-,-,-
-,-,-
-,-,-
*,senorita,vmis000
ad,una,di0000
pr,cerveza,nc0s000
*,porfavor,aq0000
-,-,-
-,-,-
-,-,-
-,-,-
-,-,-
-,-,-
-,-,-
-,-,-
-,-,-
-,-,-
*,senorita,vmii000
vr,podria,aq0000
vr,pedir,vmn0000
*,le,pp000000
ad,una,di0000
pr,cerveza,nc0s000
-,-,-
-,-,-
-,-,-
-,-,-
-,-,-
-,-,-
-,-,-
-,-,-
-,-,-
-,-,-
vr,seria,aq0000
*,tan,rg
*,amable,aq0000
*,en,sp000
vr,dar,vmn0000
*,me,pp000000
ad,una,di0000
pr,ceveza,nc0s000
-,-,-
-,-,-
-,-,-
-,-,-
-,-,-
-,-,-
-,-,-
-,-,-
-,-,-
-,-,-
vr,seria,aq0000
*,tan,rg
*,amable,aq0000
*,en,sp000
vr,dar,vmn0000
*,me,pp000000
ad,una,di0000
pr,ceveza,nc0s000
*,porfavor,aq0000
-,-,-
-,-,-
-,-,-
-,-,-
-,-,-
-,-,-
-,-,-
-,-,-
-,-,-
-,-,-
vr,serian,vmip000
*,tan,rg
*,amables,aq0000
*,en,sp000
vr,dar,vmn0000
*,me,pp000000
ad,una,di0000
pr,cerveza,nc0s000
-,-,-
-,-,-
-,-,-
-,-,-
-,-,-
-,-,-
-,-,-
-,-,-
-,-,-
-,-,-
vr,serian,vmip000
*,tan,rg
*,amables,aq0000
*,en,sp000
vr,dar,vmn0000
*,me,pp000000
ad,una,di0000
pr,cerveza,nc0s000
*,porfavor,aq0000
-,-,-
-,-,-
-,-,-
-,-,-
-,-,-
-,-,-
-,-,-
-,-,-
-,-,-
-,-,-
vr,serian,vmip000
*,tan,rg
*,amables,aq0000
*,en,sp000
vr,traer,vmn0000
*,me,pp000000
ad,una,di0000
pr,cerveza,nc0s000
-,-,-
-,-,-
-,-,-
-,-,-
-,-,-
-,-,-
-,-,-
-,-,-
-,-,-
-,-,-
vr,serian,vmip000
*,tan,rg
*,amables,aq0000
*,en,sp000
vr,traer,vmn0000
*,me,pp000000
ad,una,di0000
pr,cerveza,nc0s000
*,por,sp000
*,favor,nc0s000
-,-,-
-,-,-
-,-,-
-,-,-
-,-,-
-,-,-
-,-,-
-,-,-
-,-,-
-,-,-
vr,serias,aq0000
*,tan,rg
*,amable,aq0000
*,en,sp000
vr,dar,vmn0000
*,me,pp000000
ad,una,di0000
pr,cerveza,nc0s000
-,-,-
-,-,-
-,-,-
-,-,-
-,-,-
-,-,-
-,-,-
-,-,-
-,-,-
-,-,-
vr,serias,aq0000
*,tan,rg
*,amable,aq0000
*,en,sp000
vr,dar,vmn0000
*,me,pp000000
ad,una,di0000
pr,cervza,nc0s000
*,fria,aq0000
-,-,-
-,-,-
-,-,-
-,-,-
-,-,-
-,-,-
-,-,-
-,-,-
-,-,-
-,-,-
vr,serias,aq0000
*,tan,rg
*,amable,aq0000
*,en,sp000
vr,dar,vmn0000
*,me,pp000000
ad,una,di0000
pr,cervza,nc0s000
*,fria,aq0000
-,-,-
-,-,-
-,-,-
-,-,-
-,-,-
-,-,-
-,-,-
-,-,-
-,-,-
-,-,-
vr,serias,aq0000
*,tan,rg
*,amable,aq0000
*,en,sp000
vr,traer,vmn0000
*,me,pp000000
ad,una,di0000
pr,cerveza,nc0s000
-,-,-
-,-,-
-,-,-
-,-,-
-,-,-
-,-,-
-,-,-
-,-,-
-,-,-
-,-,-
vr,serias,aq0000
*,tan,rg
*,amable,aq0000
*,en,sp000
vr,traer,vmn0000
*,me,pp000000
ad,una,di0000
pr,cerveza,nc0s000
*,por,sp000
*,favor,nc0s000
-,-,-
-,-,-
-,-,-
-,-,-
-,-,-
-,-,-
-,-,-
-,-,-
-,-,-
-,-,-
vr,serias,aq0000
*,tan,rg
*,amable,aq0000
*,en,sp000
vr,traer,vmn0000
*,me,pp000000
ad,una,di0000
pr,cervza,nc0s000
*,fria,aq0000
-,-,-
-,-,-
-,-,-
-,-,-
-,-,-
-,-,-
-,-,-
-,-,-
-,-,-
-,-,-
vr,serias,aq0000
*,tan,rg
*,amable,aq0000
*,en,sp000
vr,traer,vmn0000
*,me,pp000000
ad,una,di0000
pr,cervza,nc0s000
*,fria,aq0000
-,-,-
-,-,-
-,-,-
-,-,-
-,-,-
-,-,-
-,-,-
-,-,-
-,-,-
-,-,-
vr,serias,aq0000
*,tan,rg
*,amable,aq0000
*,en,sp000
vr,traer,vmn0000
*,me,pp000000
vr,una,di0000
pr,cervza,nc0s000
*,fria,aq0000
*,por,sp000
*,favor,nc0s000
-,-,-
-,-,-
-,-,-
-,-,-
-,-,-
-,-,-
-,-,-
-,-,-
-,-,-
-,-,-
vr,serias,aq0000
*,tan,rg
*,amable,aq0000
*,en,sp000
vr,traer,vmn0000
*,me,pp000000
ad,una,di0000
pr,cervza,nc0s000
*,fria,aq0000
*,por,sp000
*,favor,nc0s000
-,-,-
-,-,-
-,-,-
-,-,-
-,-,-
-,-,-
-,-,-
-,-,-
-,-,-
-,-,-
ad,si,cs
vr,es,vsip000
*,tan,rg
*,amable,aq0000
*,en,sp000
vr,dar,vmn0000
*,me,pp000000
ad,una,di0000
pr,cerveza,nc0s000
-,-,-
-,-,-
-,-,-
-,-,-
-,-,-
-,-,-
-,-,-
-,-,-
-,-,-
-,-,-
af,si,cs
vr,es,vsip000
*,tan,rg
*,amable,aq0000
*,en,sp000
vr,dar,vmn0000
*,me,pp000000
ad,una,di0000
pr,cerveza,nc0s000
*,frias,aq0000
-,-,-
-,-,-
-,-,-
-,-,-
-,-,-
-,-,-
-,-,-
-,-,-
-,-,-
-,-,-
af,si,cs
vr,es,vsip000
*,tan,rg
*,amable,aq0000
*,en,sp000
vr,dar,vmn0000
*,me,pp000000
ad,una,di0000
pr,cervezas,nc0p000
-,-,-
-,-,-
-,-,-
-,-,-
-,-,-
-,-,-
-,-,-
-,-,-
-,-,-
-,-,-
af,si,cs
*,es,vsip000
*,tan,rg
*,amable,aq0000
*,en,sp000
vr,dar,vmn0000
*,me,pp000000
ad,una,di0000
pr,cervezas,nc0p000
*,frias,aq0000
-,-,-
-,-,-
-,-,-
-,-,-
-,-,-
-,-,-
-,-,-
-,-,-
-,-,-
-,-,-
af,si,cs
*,me,p0000000
vr,das,vmip000
ad,una,di0000
pr,cerveza,nc0s000
-,-,-
-,-,-
-,-,-
-,-,-
-,-,-
-,-,-
-,-,-
-,-,-
-,-,-
-,-,-
af,si,cs
*,me,p0000000
vr,das,vmip000
ad,una,di0000
pr,cerveza,nc0s000
*,bro,aq0000
-,-,-
-,-,-
-,-,-
-,-,-
-,-,-
-,-,-
-,-,-
-,-,-
-,-,-
-,-,-
*,te,pp000000
vr,puedo,vmip000
vr,encargar,vmn0000
ad,una,di0000
pr,carton,nc0s000
*,de,sp000
vr,cerveza,nc0s000
-,-,-
-,-,-
-,-,-
-,-,-
-,-,-
-,-,-
-,-,-
-,-,-
-,-,-
-,-,-
*,te,pp000000
vr,puedo,vmip000
vr,encargar,vmn0000
ad,una,di0000
pr,cerveza,nc0s000
-,-,-
-,-,-
-,-,-
-,-,-
-,-,-
-,-,-
-,-,-
-,-,-
-,-,-
-,-,-
*,te,pp000000
vr,puedo,vmip000
vr,encargar,vmn0000
ad,una,di0000
pr,cerveza,nc0s000
*,?,fit
-,-,-
-,-,-
-,-,-
-,-,-
-,-,-
-,-,-
-,-,-
-,-,-
-,-,-
-,-,-
*,te,pp000000
vr,puedo,vmip000
vr,encargar,vmn0000
ad,una,di0000
pr,doce,pn000000
*,de,sp000
pr,cerveza,nc0s000
-,-,-
-,-,-
-,-,-
-,-,-
-,-,-
-,-,-
-,-,-
-,-,-
-,-,-
-,-,-
*,te,pp000000
vr,puedo,vmip000
vr,encargar,vmn0000
ad,una,di0000
pr,six,nc0s000
*,de,sp000
pr,cerveza,nc0s000
-,-,-
-,-,-
-,-,-
-,-,-
-,-,-
-,-,-
-,-,-
-,-,-
-,-,-
-,-,-
*,te,pp000000
vr,puedo,vmip000
vr,pedir,vmn0000
ad,una,di0000
pr,carton,nc0s000
*,de,sp000
pr,cerveza,nc0s000
-,-,-
-,-,-
-,-,-
-,-,-
-,-,-
-,-,-
-,-,-
-,-,-
-,-,-
-,-,-
*,te,pp000000
vr,puedo,vmip000
vr,pedir,vmn0000
ad,una,di0000
pr,cerveza,nc0s000
-,-,-
-,-,-
-,-,-
-,-,-
-,-,-
-,-,-
-,-,-
-,-,-
-,-,-
-,-,-
*,te,pp000000
vr,puedo,vmip000
vr,pedir,vmn0000
ad,una,di0000
pr,cerveza,nc0s000
*,?,fit
-,-,-
-,-,-
-,-,-
-,-,-
-,-,-
-,-,-
-,-,-
-,-,-
-,-,-
-,-,-
*,te,pp000000
vr,puedo,vmip000
vr,pedir,vmn0000
ad,una,di0000
pr,doce,pn000000
*,de,sp000
pr,cerveza,nc0s000
-,-,-
-,-,-
-,-,-
-,-,-
-,-,-
-,-,-
-,-,-
-,-,-
-,-,-
-,-,-
*,te,pp000000
vr,puedo,vmip000
vr,pedir,vmn0000
ad,una,di0000
pr,six,nc0s000
*,de,sp000
pr,cerveza,nc0s000
-,-,-
-,-,-
-,-,-
-,-,-
-,-,-
-,-,-
-,-,-
-,-,-
-,-,-
-,-,-
*,te,pp000000
vr,puedo,vmip000
vr,solicitar,vmn0000
ad,una,di0000
pr,carton,nc0s000
*,de,sp000
pr,cerveza,nc0s000
-,-,-
-,-,-
-,-,-
-,-,-
-,-,-
-,-,-
-,-,-
-,-,-
-,-,-
-,-,-
*,te,pp000000
vr,puedo,vmip000
vr,solicitar,vmn0000
ad,una,di0000
pr,cerveza,nc0s000
-,-,-
-,-,-
-,-,-
-,-,-
-,-,-
-,-,-
-,-,-
-,-,-
-,-,-
-,-,-
*,te,pp000000
vr,puedo,vmip000
vr,solicitar,vmn0000
ad,una,di0000
pr,cerveza,nc0s000
*,?,fit
-,-,-
-,-,-
-,-,-
-,-,-
-,-,-
-,-,-
-,-,-
-,-,-
-,-,-
-,-,-
*,te,pp000000
vr,puedo,vmip000
vr,solicitar,vmn0000
ad,una,di0000
pr,doce,pn000000
*,de,sp000
pr,cerveza,nc0s000
-,-,-
-,-,-
-,-,-
-,-,-
-,-,-
-,-,-
-,-,-
-,-,-
-,-,-
-,-,-
*,te,pp000000
vr,puedo,vmip000
vr,solicitar,vmn0000
ad,una,di0000
pr,six,nc0s000
*,de,sp000
pr,cerveza,nc0s000
-,-,-
-,-,-
-,-,-
-,-,-
-,-,-
-,-,-
-,-,-
-,-,-
-,-,-
-,-,-
ad,unas,di0000
ad,una,di0000
pr,cerveza,nc0s000
-,-,-
-,-,-
-,-,-
-,-,-
-,-,-
-,-,-
-,-,-
-,-,-
-,-,-
-,-,-
ad,unas,di0000
ad,una,di0000
pr,cerveza,nc0s000
*,fria,aq0000
-,-,-
-,-,-
-,-,-
-,-,-
-,-,-
-,-,-
-,-,-
-,-,-
-,-,-
-,-,-
ad,unas,di0000
ad,una,di0000
pr,cerveza,nc0s000
*,frias,aq0000
-,-,-
-,-,-
-,-,-
-,-,-
-,-,-
-,-,-
-,-,-
-,-,-
-,-,-
-,-,-
vr,voy,vmip000
*,a,sp000
vr,necesitar,vmn0000
ad,una,di0000
pr,carton,nc0s000
*,de,sp000
pr,cerveza,nc0s000
-,-,-
-,-,-
-,-,-
-,-,-
-,-,-
-,-,-
-,-,-
-,-,-
-,-,-
-,-,-
vr,voy,vmip000
*,a,sp000
vr,necesitar,vmn0000
ad,una,di0000
pr,cerveza,nc0s000
-,-,-
-,-,-
-,-,-
-,-,-
-,-,-
-,-,-
-,-,-
-,-,-
-,-,-
-,-,-
vr,voy,vmip000
*,a,sp000
vr,necesitar,vmn0000
ad,una,di0000
pr,six,nc0s000
*,de,sp000
pr,cerveza,nc0s000
-,-,-
-,-,-
-,-,-
-,-,-
-,-,-
-,-,-
-,-,-
-,-,-
-,-,-
-,-,-
vr,voy,vmip000
*,a,sp000
vr,querer,vmn0000
ad,una,di0000
pr,carton,nc0s000
*,de,sp000
pr,cerveza,nc0s000
-,-,-
-,-,-
-,-,-
-,-,-
-,-,-
-,-,-
-,-,-
-,-,-
-,-,-
-,-,-
vr,voy,vmip000
*,a,sp000
vr,querer,vmn0000
ad,una,di0000
pr,cerveza,nc0s000
-,-,-
-,-,-
-,-,-
-,-,-
-,-,-
-,-,-
-,-,-
-,-,-
-,-,-
-,-,-
vr,voy,vmip000
*,a,sp000
vr,querer,vmn0000
ad,una,di0000
pr,six,nc0s000
*,de,sp000
pr,cerveza,nc0s000
-,-,-
-,-,-
-,-,-
-,-,-
-,-,-
-,-,-
-,-,-
-,-,-
-,-,-
-,-,-
*,yo,pp000000
vr,necesito,vmip000
ad,una,di0000
pr,cerveza,nc0s000
*,fria,aq0000
*,por,sp000
*,favor,nc0s000
-,-,-
-,-,-
-,-,-
-,-,-
-,-,-
-,-,-
-,-,-
-,-,-
-,-,-
-,-,-
*,yo,pp000000
vr,necesito,vmip000
ad,una,di0000
pr,cerveza,nc0s000
*,fria,aq0000
*,porfavor,aq0000
-,-,-
-,-,-
-,-,-
-,-,-
-,-,-
-,-,-
-,-,-
-,-,-
-,-,-
-,-,-
*,yo,pp000000
vr,necesito,vmip000
ad,una,di0000
pr,cerveza,nc0s000
*,por,sp000
*,favor,nc0s000
-,-,-
-,-,-
-,-,-
-,-,-
-,-,-
-,-,-
-,-,-
-,-,-
-,-,-
-,-,-
*,yo,pp000000
vr,necesito,vmip000
ad,una,di0000
pr,cerveza,nc0s000
*,porfavor,aq0000
-,-,-
-,-,-
-,-,-
-,-,-
-,-,-
-,-,-
-,-,-
-,-,-
-,-,-
-,-,-
*,yo,pp000000
vr,quiero,vmip000
ad,una,di0000
pr,cerveza,nc0s000
*,fria,aq0000
*,por,sp000
*,favor,nc0s000
-,-,-
-,-,-
-,-,-
-,-,-
-,-,-
-,-,-
-,-,-
-,-,-
-,-,-
-,-,-
*,yo,pp000000
vr,quiero,vmip000
ad,una,di0000
pr,cerveza,nc0s000
*,fria,aq0000
*,porfavor,aq0000
-,-,-
-,-,-
-,-,-
-,-,-
-,-,-
-,-,-
-,-,-
-,-,-
-,-,-
-,-,-
*,yo,pp000000
vr,quiero,vmip000
ad,una,di0000
pr,cerveza,nc0s000
*,por,sp000
*,favor,nc0s000
-,-,-
-,-,-
-,-,-
-,-,-
-,-,-
-,-,-
-,-,-
-,-,-
-,-,-
-,-,-
*,yo,pp000000
vr,quiero,vmip000
ad,una,di0000
pr,cerveza,nc0s000
*,porfavor,aq0000
-,-,-
-,-,-
-,-,-
-,-,-
-,-,-
-,-,-
-,-,-
-,-,-
-,-,-
-,-,-
*,tengo,vmip000
*,sed,nc0s000
-,-,-
-,-,-
-,-,-
-,-,-
-,-,-
-,-,-
-,-,-
-,-,-
-,-,-
-,-,-
*,tengo,vmip000
*,mucha,pi000000
*,sed,nc0s000
-,-,-
-,-,-
-,-,-
-,-,-
-,-,-
-,-,-
-,-,-
-,-,-
-,-,-
-,-,-
vr,traigan,vmm0000
*,me,pp000000
*,por,sp000
*,favor,nc0s000
pr,cerveza,nc0s000
-,-,-
-,-,-
-,-,-
-,-,-
-,-,-
-,-,-
-,-,-
-,-,-
-,-,-
-,-,-
vr,traigan,vmm0000
*,me,pp000000
*,un,di0000
ad,una,pi000000
*,de,sp000
pr,cerveza,nc0s000
-,-,-
-,-,-
-,-,-
-,-,-
-,-,-
-,-,-
-,-,-
-,-,-
-,-,-
-,-,-
vr,traigan,vmm0000
*,me,pp000000
ad,unas,di0000
pr,cervezas,nc0p000
-,-,-
-,-,-
-,-,-
-,-,-
-,-,-
-,-,-
-,-,-
-,-,-
-,-,-
-,-,-
vr,pueden,vmip000
vr,traer,vmn0000
*,me,pp000000
pr,cerveza,nc0s000
*,?,fit
-,-,-
-,-,-
-,-,-
-,-,-
-,-,-
-,-,-
-,-,-
-,-,-
-,-,-
-,-,-
vr,pueden,vmip000
vr,alimentar,vmn0000
*,me,pp000000
*,con,sp000
pr,cerveza,nc0s000
*,?,fit
-,-,-
-,-,-
-,-,-
-,-,-
-,-,-
-,-,-
-,-,-
-,-,-
-,-,-
-,-,-
vr,podrian,vmip000
vr,traer,vmn0000
*,me,pp000000
pr,cerveza,nc0s000
*,?,fit
-,-,-
-,-,-
-,-,-
-,-,-
-,-,-
-,-,-
-,-,-
-,-,-
-,-,-
-,-,-
vr,quiero,vmip000
ad,un,di0000
ad,una,pi000000
*,de,sp000
pr,cerveza,nc0s000
-,-,-
-,-,-
-,-,-
-,-,-
-,-,-
-,-,-
-,-,-
-,-,-
-,-,-
-,-,-
vr,quisiera,vmsi000
*,por,sp000
*,favor,nc0s000
ad,un,di0000
ad,una,pi000000
*,de,sp000
pr,cerveza,nc0s000
-,-,-
-,-,-
-,-,-
-,-,-
-,-,-
-,-,-
-,-,-
-,-,-
-,-,-
-,-,-
vr,quiero,vmip000
vr,pedir,vmn0000
ad,un,di0000
ad,una,pi000000
*,de,sp000
pr,cerveza,nc0s000
-,-,-
-,-,-
-,-,-
-,-,-
-,-,-
-,-,-
-,-,-
-,-,-
-,-,-
-,-,-
vr,quiero,vmip000
vr,solicitar,vmn0000
pr,cerveza,nc0s000
*,por,sp000
*,favor,nc0s000
-,-,-
-,-,-
-,-,-
-,-,-
-,-,-
-,-,-
-,-,-
-,-,-
-,-,-
-,-,-
*,les,pp000000
vr,puedo,vmip000
vr,pedir,vmn0000
pr,cerveza,nc0s000
*,por,sp000
*,favor,nc0s000
-,-,-
-,-,-
-,-,-
-,-,-
-,-,-
-,-,-
-,-,-
-,-,-
-,-,-
-,-,-
*,les,pp000000
vr,podria,vmip000
vr,pedir,vmn0000
pr,cerveza,nc0s000
*,por,sp000
*,favor,nc0s000
-,-,-
-,-,-
-,-,-
-,-,-
-,-,-
-,-,-
-,-,-
-,-,-
-,-,-
-,-,-
vr,quiero,vmip000
pr,cerveza,nc0s000
-,-,-
-,-,-
-,-,-
-,-,-
-,-,-
-,-,-
-,-,-
-,-,-
-,-,-
-,-,-
vr,quiero,vmip000
vr,ordenar,vmn0000
pr,cerveza,nc0s000
-,-,-
-,-,-
-,-,-
-,-,-
-,-,-
-,-,-
-,-,-
-,-,-
-,-,-
-,-,-
vr,quiero,vmip000
vr,pedir,vmn0000
pr,cerveza,nc0s000
-,-,-
-,-,-
-,-,-
-,-,-
-,-,-
-,-,-
-,-,-
-,-,-
-,-,-
-,-,-
vr,podrias,nc0p000
vr,traer,vmn0000
*,me,pp000000
pr,cerveza,nc0s000
*,?,fit
-,-,-
-,-,-
-,-,-
-,-,-
-,-,-
-,-,-
-,-,-
-,-,-
-,-,-
-,-,-
vr,puedes,vmip000
vr,traer,vmn0000
*,me,pp000000
pr,cerveza,nc0s000
*,?,fit
-,-,-
-,-,-
-,-,-
-,-,-
-,-,-
-,-,-
-,-,-
-,-,-
-,-,-
-,-,-
vr,podrias,nc0p000
vr,vender,vmn0000
*,me,pp000000
pr,cerveza,nc0s000
*,?,fit
-,-,-
-,-,-
-,-,-
-,-,-
-,-,-
-,-,-
-,-,-
-,-,-
-,-,-
-,-,-
vr,podrias,nc0p000
vr,traer,vmn0000
*,me,pp000000
pr,cerveza,nc0s000
*,?,fit
-,-,-
-,-,-
-,-,-
-,-,-
-,-,-
-,-,-
-,-,-
-,-,-
-,-,-
-,-,-
vr,podrias,nc0p000
vr,traer,vmn0000
*,me,pp000000
pr,cerveza,nc0s000
*,?,fit
-,-,-
-,-,-
-,-,-
-,-,-
-,-,-
-,-,-
-,-,-
-,-,-
-,-,-
-,-,-
vr,podrias,nc0p000
vr,cobrar,vmn0000
*,me,pp000000
ad,un,di0000
ad,una,pi000000
*,de,sp000
pr,cerveza,nc0s000
-,-,-
-,-,-
-,-,-
-,-,-
-,-,-
-,-,-
-,-,-
-,-,-
-,-,-
-,-,-
vr,puedes,vmip000
vr,cobrar,vmn0000
*,me,pp000000
*,por,sp000
pr,cerveza,nc0s000
-,-,-
-,-,-
-,-,-
-,-,-
-,-,-
-,-,-
-,-,-
-,-,-
-,-,-
-,-,-
*,te,p0000000
vr,encargo,nc0s000
ad,unas,di0000
ad,una,di0000
*,de,sp000
pr,cerveza,nc0s000
-,-,-
-,-,-
-,-,-
-,-,-
-,-,-
-,-,-
-,-,-
-,-,-
-,-,-
-,-,-
*,te,p0000000
vr,encargo,nc0s000
pr,cerveza,nc0s000
-,-,-
-,-,-
-,-,-
-,-,-
-,-,-
-,-,-
-,-,-
-,-,-
-,-,-
-,-,-
*,te,p0000000
vr,encargo,nc0s000
ad,un,di0000
ad,una,pi000000
*,de,sp000
pr,cerveza,nc0s000
-,-,-
-,-,-
-,-,-
-,-,-
-,-,-
-,-,-
-,-,-
-,-,-
-,-,-
-,-,-
*,te,p0000000
vr,encargo,nc0s000
ad,una,di0000
pr,cerveza,nc0s000
-,-,-
-,-,-
-,-,-
-,-,-
-,-,-
-,-,-
-,-,-
-,-,-
-,-,-
-,-,-
*,te,p0000000
vr,pido,vmip000
ad,unas,di0000
ad,una,di0000
*,de,sp000
pr,cerveza,nc0s000
-,-,-
-,-,-
-,-,-
-,-,-
-,-,-
-,-,-
-,-,-
-,-,-
-,-,-
-,-,-
*,te,p0000000
vr,pido,vmip000
pr,cerveza,nc0s000
-,-,-
-,-,-
-,-,-
-,-,-
-,-,-
-,-,-
-,-,-
-,-,-
-,-,-
-,-,-
*,te,p0000000
vr,pido,vmip000
ad,un,di0000
ad,una,pi000000
*,de,sp000
pr,cerveza,nc0s000
-,-,-
-,-,-
-,-,-
-,-,-
-,-,-
-,-,-
-,-,-
-,-,-
-,-,-
-,-,-
*,te,p0000000
vr,pido,vmip000
ad,una,di0000
pr,cerveza,nc0s000
-,-,-
-,-,-
-,-,-
-,-,-
-,-,-
-,-,-
-,-,-
-,-,-
-,-,-
-,-,-
vr,quiero,vmip000
*,mas,rg
pr,cerveza,nc0s000
-,-,-
-,-,-
-,-,-
-,-,-
-,-,-
-,-,-
-,-,-
-,-,-
-,-,-
-,-,-
vr,trae,vmip000
*,me,pp000000
*,mas,rg
pr,cerveza,nc0s000
-,-,-
-,-,-
-,-,-
-,-,-
-,-,-
-,-,-
-,-,-
-,-,-
-,-,-
-,-,-
*,te,p0000000
vr,encago,vmip000
*,mas,rg
pr,cerveza,nc0s000
-,-,-
-,-,-
-,-,-
-,-,-
-,-,-
-,-,-
-,-,-
-,-,-
-,-,-
-,-,-
vr,solicito,vmip000
*,mas,rg
pr,cerveza,nc0s000
-,-,-
-,-,-
-,-,-
-,-,-
-,-,-
-,-,-
-,-,-
-,-,-
-,-,-
-,-,-
vr,deseo,vmip000
*,mas,rg
pr,cerveza,nc0s000
-,-,-
-,-,-
-,-,-
-,-,-
-,-,-
-,-,-
-,-,-
-,-,-
-,-,-
-,-,-
vr,necesito,vmip000
*,mas,rg
pr,cerveza,nc0s000
-,-,-
-,-,-
-,-,-
-,-,-
-,-,-
-,-,-
-,-,-
-,-,-
-,-,-
-,-,-
vr,podrias,nc0p000
vr,traer,vmn0000
*,me,pp000000
*,mas,rg
pr,cerveza,nc0s000
*,?,fit
-,-,-
-,-,-
-,-,-
-,-,-
-,-,-
-,-,-
-,-,-
-,-,-
-,-,-
-,-,-
vr,podrias,nc0p000
*,traer,vmn0000
*,me,pp000000
pr,cerveza,nc0s000
*,?,fit
-,-,-
-,-,-
-,-,-
-,-,-
-,-,-
-,-,-
-,-,-
-,-,-
-,-,-
-,-,-
vr,podrias,nc0p000
vr,conseguir,vmn0000
*,me,pp000000
pr,cerveza,nc0s000
*,?,fit
-,-,-
-,-,-
-,-,-
-,-,-
-,-,-
-,-,-
-,-,-
-,-,-
-,-,-
-,-,-
vr,tengo,vmip000
*,ganas,nc0p000
*,de,sp000
pr,cerveza,nc0s000
-,-,-
-,-,-
-,-,-
-,-,-
-,-,-
-,-,-
-,-,-
-,-,-
-,-,-
-,-,-
vr,tengo,vmip000
*,ganas,nc0p000
*,de,sp000
ad,un,di0000
ad,una,di0000
*,de,sp000
pr,cerveza,nc0s000
-,-,-
-,-,-
-,-,-
-,-,-
-,-,-
-,-,-
-,-,-
-,-,-
-,-,-
-,-,-
vr,tengo,vmip000
*,ganas,nc0p000
*,de,sp000
ad,una,di0000
pr,cerveza,nc0s000
-,-,-
-,-,-
-,-,-
-,-,-
-,-,-